Date,Title,Type,View_Link
19-Dec-2025,Lok Sabha Debates (Uncorrected),Uncorrected,https://eparlib.sansad.in/handle/123456789/3015052?view_type=browse
18-Dec-2025,Lok Sabha Debates (Uncorrected),Uncorrected,https://eparlib.sansad.in/handle/123456789/3015051?view_type=browse
17-Dec-2025,Lok Sabha Debates (Uncorrected),Uncorrected,https://eparlib.sansad.in/handle/123456789/3015050?view_type=browse
16-Dec-2025,Lok Sabha Debates (Uncorrected),Uncorrected,https://eparlib.sansad.in/handle/123456789/3015049?view_type=browse
15-Dec-2025,Lok Sabha Debates (Uncorrected),Uncorrected,https://eparlib.sansad.in/handle/123456789/3015048?view_type=browse
12-Dec-2025,Lok Sabha Debates (Uncorrected),Uncorrected,https://eparlib.sansad.in/handle/123456789/3015047?view_type=browse
11-Dec-2025,Lok Sabha Debates (Uncorrected),Uncorrected,https://eparlib.sansad.in/handle/123456789/3015060?view_type=browse
10-Dec-2025,Lok Sabha Debates (Uncorrected),Uncorrected,https://eparlib.sansad.in/handle/123456789/3015059?view_type=browse
9-Dec-2025,Lok Sabha Debates (Uncorrected),Uncorrected,https://eparlib.sansad.in/handle/123456789/3015058?view_type=browse
8-Dec-2025,Lok Sabha Debates (Uncorrected),Uncorrected,https://eparlib.sansad.in/handle/123456789/3015057?view_type=browse
5-Dec-2025,Lok Sabha Debates (Uncorrected),Uncorrected,https://eparlib.sansad.in/handle/123456789/3015056?view_type=browse
4-Dec-2025,Lok Sabha Debates (Uncorrected),Uncorrected,https://eparlib.sansad.in/handle/123456789/3015055?view_type=browse
3-Dec-2025,Lok Sabha Debates (Uncorrected),Uncorrected,https://eparlib.sansad.in/handle/123456789/3015054?view_type=browse
2-Dec-2025,Lok Sabha Debates (Uncorrected),Uncorrected,https://eparlib.sansad.in/handle/123456789/3015053?view_type=browse
1-Dec-2025,Lok Sabha Debates (Uncorrected),Uncorrected,https://eparlib.sansad.in/handle/123456789/3015046?view_type=browse
21-Aug-2025,Lok Sabha Debates (Uncorrected),Uncorrected,https://eparlib.sansad.in/handle/123456789/2992303?view_type=browse
20-Aug-2025,Lok Sabha Debates (Uncorrected),Uncorrected,https://eparlib.sansad.in/handle/123456789/2992302?view_type=browse
19-Aug-2025,Lok Sabha Debates (Uncorrected),Uncorrected,https://eparlib.sansad.in/handle/123456789/2992300?view_type=browse
18-Aug-2025,Lok Sabha Debates (Uncorrected),Uncorrected,https://eparlib.sansad.in/handle/123456789/2992299?view_type=browse
12-Aug-2025,Lok Sabha Debates (Uncorrected),Uncorrected,https://eparlib.sansad.in/handle/123456789/2992298?view_type=browse
11-Aug-2025,Lok Sabha Debates (Uncorrected),Uncorrected,https://eparlib.sansad.in/handle/123456789/2992297?view_type=browse
8-Aug-2025,Lok Sabha Debates (Uncorrected),Uncorrected,https://eparlib.sansad.in/handle/123456789/2992296?view_type=browse
7-Aug-2025,Lok Sabha Debates (Uncorrected),Uncorrected,https://eparlib.sansad.in/handle/123456789/2992295?view_type=browse
6-Aug-2025,Lok Sabha Debates (Uncorrected),Uncorrected,https://eparlib.sansad.in/handle/123456789/2992294?view_type=browse
5-Aug-2025,Lok Sabha Debates (Uncorrected),Uncorrected,https://eparlib.sansad.in/handle/123456789/2992293?view_type=browse
4-Aug-2025,Lok Sabha Debates (Uncorrected),Uncorrected,https://eparlib.sansad.in/handle/123456789/2992292?view_type=browse
1-Aug-2025,Lok Sabha Debates (Uncorrected),Uncorrected,https://eparlib.sansad.in/handle/123456789/2992291?view_type=browse
31-Jul-2025,Lok Sabha Debates (Uncorrected),Uncorrected,https://eparlib.sansad.in/handle/123456789/2992310?view_type=browse
30-Jul-2025,Lok Sabha Debates (Uncorrected),Uncorrected,https://eparlib.sansad.in/handle/123456789/2992309?view_type=browse
29-Jul-2025,Lok Sabha Debates (Uncorrected),Uncorrected,https://eparlib.sansad.in/handle/123456789/2992308?view_type=browse
28-Jul-2025,Lok Sabha Debates (Uncorrected),Uncorrected,https://eparlib.sansad.in/handle/123456789/2992307?view_type=browse
25-Jul-2025,Lok Sabha Debates (Uncorrected),Uncorrected,https://eparlib.sansad.in/handle/123456789/2992306?view_type=browse
24-Jul-2025,Lok Sabha Debates (Uncorrected),Uncorrected,https://eparlib.sansad.in/handle/123456789/2992305?view_type=browse
23-Jul-2025,Lok Sabha Debates (Uncorrected),Uncorrected,https://eparlib.sansad.in/handle/123456789/2992304?view_type=browse
22-Jul-2025,Lok Sabha Debates (Uncorrected),Uncorrected,https://eparlib.sansad.in/handle/123456789/2992301?view_type=browse
21-Jul-2025,Lok Sabha Debates (Uncorrected),Uncorrected,https://eparlib.sansad.in/handle/123456789/2992290?view_type=browse
4-Apr-2025,Lok Sabha Debates (Uncorrected),Uncorrected,https://eparlib.sansad.in/handle/123456789/2989567?view_type=browse
3-Apr-2025,Lok Sabha Debates (Uncorrected),Uncorrected,https://eparlib.sansad.in/handle/123456789/2989566?view_type=browse
2-Apr-2025,Lok Sabha Debates (Uncorrected),Uncorrected,https://eparlib.sansad.in/handle/123456789/2989565?view_type=browse
1-Apr-2025,Lok Sabha Debates (Uncorrected),Uncorrected,https://eparlib.sansad.in/handle/123456789/2989564?view_type=browse
28-Mar-2025,Lok Sabha Debates (Uncorrected),Uncorrected,https://eparlib.sansad.in/handle/123456789/2989563?view_type=browse
27-Mar-2025,Lok Sabha Debates (Uncorrected),Uncorrected,https://eparlib.sansad.in/handle/123456789/2989562?view_type=browse
26-Mar-2025,Lok Sabha Debates (Uncorrected),Uncorrected,https://eparlib.sansad.in/handle/123456789/2989561?view_type=browse
25-Mar-2025,Lok Sabha Debates (Uncorrected),Uncorrected,https://eparlib.sansad.in/handle/123456789/2989560?view_type=browse
24-Mar-2025,Lok Sabha Debates (Uncorrected),Uncorrected,https://eparlib.sansad.in/handle/123456789/2989559?view_type=browse
21-Mar-2025,Lok Sabha Debates (Uncorrected),Uncorrected,https://eparlib.sansad.in/handle/123456789/2989558?view_type=browse
20-Mar-2025,Lok Sabha Debates (Uncorrected),Uncorrected,https://eparlib.sansad.in/handle/123456789/2989557?view_type=browse
19-Mar-2025,Lok Sabha Debates (Uncorrected),Uncorrected,https://eparlib.sansad.in/handle/123456789/2989556?view_type=browse
18-Mar-2025,Lok Sabha Debates (Uncorrected),Uncorrected,https://eparlib.sansad.in/handle/123456789/2989555?view_type=browse
17-Mar-2025,Lok Sabha Debates (Uncorrected),Uncorrected,https://eparlib.sansad.in/handle/123456789/2989554?view_type=browse
12-Mar-2025,Lok Sabha Debates (Uncorrected),Uncorrected,https://eparlib.sansad.in/handle/123456789/2989553?view_type=browse
11-Mar-2025,Lok Sabha Debates (Uncorrected),Uncorrected,https://eparlib.sansad.in/handle/123456789/2989552?view_type=browse
10-Mar-2025,Lok Sabha Debates (Uncorrected),Uncorrected,https://eparlib.sansad.in/handle/123456789/2989551?view_type=browse
13-Feb-2025,Lok Sabha Debates (Uncorrected),Uncorrected,https://eparlib.sansad.in/handle/123456789/2982699?view_type=browse
11-Feb-2025,Lok Sabha Debates (Uncorrected),Uncorrected,https://eparlib.sansad.in/handle/123456789/2982698?view_type=browse
10-Feb-2025,Lok Sabha Debates (Uncorrected),Uncorrected,https://eparlib.sansad.in/handle/123456789/2982697?view_type=browse
7-Feb-2025,Lok Sabha Debates (Uncorrected),Uncorrected,https://eparlib.sansad.in/handle/123456789/2982696?view_type=browse
6-Feb-2025,Lok Sabha Debates (Uncorrected),Uncorrected,https://eparlib.sansad.in/handle/123456789/2982695?view_type=browse
4-Feb-2025,Lok Sabha Debates (Uncorrected),Uncorrected,https://eparlib.sansad.in/handle/123456789/2982694?view_type=browse
3-Feb-2025,Lok Sabha Debates (Uncorrected),Uncorrected,https://eparlib.sansad.in/handle/123456789/2982693?view_type=browse
1-Feb-2025,Lok Sabha Debates (Uncorrected),Uncorrected,https://eparlib.sansad.in/handle/123456789/2982692?view_type=browse
31-Jan-2025,Lok Sabha Debates (Uncorrected),Uncorrected,https://eparlib.sansad.in/handle/123456789/2982691?view_type=browse
20-Dec-2024,Lok Sabha Debates (Uncorrected),Uncorrected,https://eparlib.sansad.in/handle/123456789/2982368?view_type=browse
19-Dec-2024,Lok Sabha Debates (Uncorrected),Uncorrected,https://eparlib.sansad.in/handle/123456789/2982367?view_type=browse
18-Dec-2024,Lok Sabha Debates (Uncorrected),Uncorrected,https://eparlib.sansad.in/handle/123456789/2982366?view_type=browse
17-Dec-2024,Lok Sabha Debates (Uncorrected),Uncorrected,https://eparlib.sansad.in/handle/123456789/2982365?view_type=browse
16-Dec-2024,Lok Sabha Debates (Uncorrected),Uncorrected,https://eparlib.sansad.in/handle/123456789/2982364?view_type=browse
14-Dec-2024,Lok Sabha Debates (Uncorrected),Uncorrected,https://eparlib.sansad.in/handle/123456789/2982363?view_type=browse
13-Dec-2024,Lok Sabha Debates (Uncorrected),Uncorrected,https://eparlib.sansad.in/handle/123456789/2982362?view_type=browse
12-Dec-2024,Lok Sabha Debates (Uncorrected),Uncorrected,https://eparlib.sansad.in/handle/123456789/2982361?view_type=browse
11-Dec-2024,Lok Sabha Debates (Uncorrected),Uncorrected,https://eparlib.sansad.in/handle/123456789/2982360?view_type=browse
10-Dec-2024,Lok Sabha Debates (Uncorrected),Uncorrected,https://eparlib.sansad.in/handle/123456789/2982371?view_type=browse
9-Dec-2024,Lok Sabha Debates (Uncorrected),Uncorrected,https://eparlib.sansad.in/handle/123456789/2982370?view_type=browse
6-Dec-2024,Lok Sabha Debates (Uncorrected),Uncorrected,https://eparlib.sansad.in/handle/123456789/2982379?view_type=browse
5-Dec-2024,Lok Sabha Debates (Uncorrected),Uncorrected,https://eparlib.sansad.in/handle/123456789/2982378?view_type=browse
4-Dec-2024,Lok Sabha Debates (Uncorrected),Uncorrected,https://eparlib.sansad.in/handle/123456789/2982377?view_type=browse
3-Dec-2024,Lok Sabha Debates (Uncorrected),Uncorrected,https://eparlib.sansad.in/handle/123456789/2982376?view_type=browse
2-Dec-2024,Lok Sabha Debates (Uncorrected),Uncorrected,https://eparlib.sansad.in/handle/123456789/2982375?view_type=browse
29-Nov-2024,Lok Sabha Debates (Uncorrected),Uncorrected,https://eparlib.sansad.in/handle/123456789/2982374?view_type=browse
28-Nov-2024,Lok Sabha Debates (Uncorrected),Uncorrected,https://eparlib.sansad.in/handle/123456789/2982373?view_type=browse
27-Nov-2024,Lok Sabha Debates (Uncorrected),Uncorrected,https://eparlib.sansad.in/handle/123456789/2982372?view_type=browse
25-Nov-2024,Lok Sabha Debates (Uncorrected),Uncorrected,https://eparlib.sansad.in/handle/123456789/2982369?view_type=browse
9-Aug-2024,Lok Sabha Debates (Uncorrected),Uncorrected,https://eparlib.sansad.in/handle/123456789/2977203?view_type=browse
8-Aug-2024,Lok Sabha Debates (Uncorrected),Uncorrected,https://eparlib.sansad.in/handle/123456789/2977202?view_type=browse
7-Aug-2024,Lok Sabha Debates (Uncorrected),Uncorrected,https://eparlib.sansad.in/handle/123456789/2977201?view_type=browse
6-Aug-2024,Lok Sabha Debates (Uncorrected),Uncorrected,https://eparlib.sansad.in/handle/123456789/2977200?view_type=browse
5-Aug-2024,Lok Sabha Debates (Uncorrected),Uncorrected,https://eparlib.sansad.in/handle/123456789/2977199?view_type=browse
2-Aug-2024,Lok Sabha Debates (Uncorrected),Uncorrected,https://eparlib.sansad.in/handle/123456789/2977198?view_type=browse
1-Aug-2024,Lok Sabha Debates (Uncorrected),Uncorrected,https://eparlib.sansad.in/handle/123456789/2977197?view_type=browse
31-Jul-2024,Lok Sabha Debates (Uncorrected),Uncorrected,https://eparlib.sansad.in/handle/123456789/2977195?view_type=browse
30-Jul-2024,Lok Sabha Debates (Uncorrected),Uncorrected,https://eparlib.sansad.in/handle/123456789/2977194?view_type=browse
29-Jul-2024,Lok Sabha Debates (Uncorrected),Uncorrected,https://eparlib.sansad.in/handle/123456789/2977193?view_type=browse
26-Jul-2024,Lok Sabha Debates (Uncorrected),Uncorrected,https://eparlib.sansad.in/handle/123456789/2977192?view_type=browse
25-Jul-2024,Lok Sabha Debates (Uncorrected),Uncorrected,https://eparlib.sansad.in/handle/123456789/2977191?view_type=browse
24-Jul-2024,Lok Sabha Debates (Uncorrected),Uncorrected,https://eparlib.sansad.in/handle/123456789/2977190?view_type=browse
23-Jul-2024,Lok Sabha Debates (Uncorrected),Uncorrected,https://eparlib.sansad.in/handle/123456789/2977189?view_type=browse
22-Jul-2024,Lok Sabha Debates (Uncorrected),Uncorrected,https://eparlib.sansad.in/handle/123456789/2977188?view_type=browse
2-Jul-2024,Lok Sabha Debates (Uncorrected),Uncorrected,https://eparlib.sansad.in/handle/123456789/2977063?view_type=browse
1-Jul-2024,Lok Sabha Debates (Uncorrected),Uncorrected,https://eparlib.sansad.in/handle/123456789/2977062?view_type=browse
28-Jun-2024,Lok Sabha Debates (Uncorrected),Uncorrected,https://eparlib.sansad.in/handle/123456789/2977061?view_type=browse
27-Jun-2024,Lok Sabha Debates (Uncorrected),Uncorrected,https://eparlib.sansad.in/handle/123456789/2977060?view_type=browse
26-Jun-2024,Lok Sabha Debates (Uncorrected),Uncorrected,https://eparlib.sansad.in/handle/123456789/2977059?view_type=browse
25-Jun-2024,Lok Sabha Debates (Uncorrected),Uncorrected,https://eparlib.sansad.in/handle/123456789/2977058?view_type=browse
24-Jun-2024,Lok Sabha Debates (Uncorrected),Uncorrected,https://eparlib.sansad.in/handle/123456789/2977057?view_type=browse
10-Feb-2024,Lok Sabha Debates (Uncorrected),Uncorrected,https://eparlib.sansad.in/handle/123456789/2966353?view_type=browse
9-Feb-2024,Lok Sabha Debates (Uncorrected),Uncorrected,https://eparlib.sansad.in/handle/123456789/2966352?view_type=browse
8-Feb-2024,Lok Sabha Debates (Uncorrected),Uncorrected,https://eparlib.sansad.in/handle/123456789/2966351?view_type=browse
7-Feb-2024,Lok Sabha Debates (Uncorrected),Uncorrected,https://eparlib.sansad.in/handle/123456789/2966350?view_type=browse
6-Feb-2024,Lok Sabha Debates (Uncorrected),Uncorrected,https://eparlib.sansad.in/handle/123456789/2966349?view_type=browse
5-Feb-2024,Lok Sabha Debates (Uncorrected),Uncorrected,https://eparlib.sansad.in/handle/123456789/2966348?view_type=browse
2-Feb-2024,Lok Sabha Debates (Uncorrected),Uncorrected,https://eparlib.sansad.in/handle/123456789/2966347?view_type=browse
1-Feb-2024,Lok Sabha Debates (Uncorrected),Uncorrected,https://eparlib.sansad.in/handle/123456789/2966345?view_type=browse
31-Jan-2024,Lok Sabha Debates (Uncorrected),Uncorrected,https://eparlib.sansad.in/handle/123456789/2966346?view_type=browse
21-Dec-2023,Lok Sabha Debates (Uncorrected),Uncorrected,https://eparlib.sansad.in/handle/123456789/2953364?view_type=browse
20-Dec-2023,Lok Sabha Debates (Uncorrected),Uncorrected,https://eparlib.sansad.in/handle/123456789/2953363?view_type=browse
19-Dec-2023,Lok Sabha Debates (Uncorrected),Uncorrected,https://eparlib.sansad.in/handle/123456789/2953362?view_type=browse
18-Dec-2023,Lok Sabha Debates (Uncorrected),Uncorrected,https://eparlib.sansad.in/handle/123456789/2953361?view_type=browse
15-Dec-2023,Lok Sabha Debates (Uncorrected),Uncorrected,https://eparlib.sansad.in/handle/123456789/2953360?view_type=browse
14-Dec-2023,Lok Sabha Debates (Uncorrected),Uncorrected,https://eparlib.sansad.in/handle/123456789/2953372?view_type=browse
13-Dec-2023,Lok Sabha Debates (Uncorrected),Uncorrected,https://eparlib.sansad.in/handle/123456789/2953371?view_type=browse
12-Dec-2023,Lok Sabha Debates (Uncorrected),Uncorrected,https://eparlib.sansad.in/handle/123456789/2953370?view_type=browse
11-Dec-2023,Lok Sabha Debates (Uncorrected),Uncorrected,https://eparlib.sansad.in/handle/123456789/2953369?view_type=browse
8-Dec-2023,Lok Sabha Debates (Uncorrected),Uncorrected,https://eparlib.sansad.in/handle/123456789/2953368?view_type=browse
7-Dec-2023,Lok Sabha Debates (Uncorrected),Uncorrected,https://eparlib.sansad.in/handle/123456789/2953367?view_type=browse
6-Dec-2023,Lok Sabha Debates (Uncorrected),Uncorrected,https://eparlib.sansad.in/handle/123456789/2953366?view_type=browse
5-Dec-2023,Lok Sabha Debates (Uncorrected),Uncorrected,https://eparlib.sansad.in/handle/123456789/2953365?view_type=browse
4-Dec-2023,Lok Sabha Debates (Uncorrected),Uncorrected,https://eparlib.sansad.in/handle/123456789/2953359?view_type=browse
,Lok Sabha Debates,Full Text,https://eparlib.sansad.in/handle/123456789/3015066?view_type=browse
,Lok Sabha Debates,Full Text,https://eparlib.sansad.in/handle/123456789/3015067?view_type=browse
,Lok Sabha Debates,Full Text,https://eparlib.sansad.in/handle/123456789/3015068?view_type=browse
,Lok Sabha Debates,Full Text,https://eparlib.sansad.in/handle/123456789/3015069?view_type=browse
,Lok Sabha Debates,Full Text,https://eparlib.sansad.in/handle/123456789/3015070?view_type=browse
,Lok Sabha Debates (Hindi),Full Text,https://eparlib.sansad.in/handle/123456789/3015099?view_type=browse
,Lok Sabha Debates (Hindi),Full Text,https://eparlib.sansad.in/handle/123456789/3015100?view_type=browse
,Lok Sabha Debates (Hindi),Full Text,https://eparlib.sansad.in/handle/123456789/3015101?view_type=browse
,Lok Sabha Debates (Hindi),Full Text,https://eparlib.sansad.in/handle/123456789/3015102?view_type=browse
,Lok Sabha Debates (Hindi),Full Text,https://eparlib.sansad.in/handle/123456789/3015103?view_type=browse
